      VIRUS, MTRIX, SYM,TOTAL
pdb1a34.pdb,    15,   8,  120
pdb1a6c.pdb,     0,   4,    4
pdb1al0.pdb,     0,  24,   24
pdb1al2.pdb,     0,   4,    4
pdb1aq3.pdb,     0,  18,   18
pdb1aq4.pdb,     0,  18,   18
pdb1ar6.pdb,     0,   4,    4
pdb1ar7.pdb,     0,   4,    4
pdb1ar8.pdb,     0,   4,    4
pdb1ar9.pdb,     0,   4,    4
pdb1asj.pdb,     0,   4,    4
pdb1auy.pdb,    15,  12,  180
pdb1aym.pdb,     0,   4,    4
pdb1ayn.pdb,     0,   4,    4
pdb1b35.pdb,    15,   8,  120
pdb1bbt.pdb,     5,  24,  120
pdb1bev.pdb,    60,   2,  120
pdb1bms.pdb,     0,  18,   18
pdb1bmv.pdb,     0,   4,    4
pdb1c8d.pdb,     0,   1,    1
pdb1c8e.pdb,     0,   2,    2
pdb1c8f.pdb,     0,   4,    4
pdb1c8g.pdb,     0,   2,    2
pdb1c8h.pdb,     0,   1,    1
pdb1c8m.pdb,     0,   4,    4
pdb1c8n.pdb,     5,  24,  120
pdb1cd3.pdb,     0,  24,   24
pdb1cov.pdb,     0,   2,    2
pdb1cwp.pdb,    60,   4,  240
pdb1d4m.pdb,    30,   4,  120
pdb1ddl.pdb,     5,  24,  120
pdb1dnv.pdb,     0,   8,    8
pdb1dwn.pdb,   120,   1,  120
pdb1dzl.pdb,    20,  12,  240
pdb1e57.pdb,     0,   1,    1
pdb1eah.pdb,     0,   8,    8
pdb1ej6.pdb,     5,  96,  480
pdb1ev1.pdb,     0,   4,    4
pdb1f15.pdb,     5,  24,  120
pdb1f2n.pdb,    60,   2,  120
pdb1f8v.pdb,    60,   2,  120
pdb1fmd.pdb,     5,  24,  120
pdb1fod.pdb,     5,  24,  120
pdb1fpn.pdb,    15,   8,  120
pdb1fpv.pdb,     0,   4,    4
pdb1fr5.pdb,     0,  18,   18
pdb1frs.pdb,     0,   4,    4
pdb1gff.pdb,     0,  12,   12
pdb1h8t.pdb,    20,  18,  360
pdb1hri.pdb,     0,  12,   12
pdb1hrv.pdb,     0,  12,   12
pdb1hxs.pdb,     0,   4,    4
pdb1ihm.pdb,     0,   8,    8
pdb1ijs.pdb,     0,   1,    1
pdb1js9.pdb,    20,   9,  180
pdb1k3v.pdb,    60,   4,  240
pdb1k5m.pdb,    15,   8,  120
pdb1laj.pdb,    15,   8,  120
pdb1lp3.pdb,   180,   1,  180
pdb1m06.pdb,     0,   2,    2
pdb1m1c.pdb,    60,   2,  120
pdb1mec.pdb,     0,   4,    4
pdb1mqt.pdb,    15,   8,  120
pdb1mst.pdb,     0,  18,   18
pdb1mva.pdb,     0,  18,   18
pdb1mvb.pdb,     0,  18,   18
pdb1mvm.pdb,     0,   4,    4
pdb1na1.pdb,     0,  12,   12
pdb1ncq.pdb,     0,  12,   12
pdb1ncr.pdb,     0,   4,    4
pdb1nd2.pdb,     0,   4,    4
pdb1nd3.pdb,     0,   4,    4
pdb1ng0.pdb,    60,   4,  240
pdb1nov.pdb,     0,   2,    2
pdb1ohf.pdb,    60,   1,   60
pdb1ohg.pdb,    60,   2,  120
pdb1oop.pdb,     0,   4,    4
pdb1opo.pdb,     5,  24,  120
pdb1p5w.pdb,    60,   4,  240
pdb1p5y.pdb,    60,   4,  240
pdb1pgl.pdb,    30,   4,  120
pdb1pgw.pdb,    30,   4,  120
pdb1piv.pdb,    15,   8,  120
pdb1po1.pdb,     0,   4,    4
pdb1pov.pdb,     0,   4,    4
pdb1pvc.pdb,    15,   8,  120
pdb1qbe.pdb,     0,   8,    8
pdb1qgt.pdb,    30,   4,  120
pdb1qju.pdb,    30,   4,  120
pdb1qjx.pdb,    30,   4,  120
pdb1qjy.pdb,    30,   4,  120
pdb1qjz.pdb,     0,   3,    3
pdb1qqp.pdb,     5,  24,  120
pdb1r08.pdb,     0,  12,   12
pdb1r09.pdb,     0,  12,   12
pdb1r1a.pdb,     0,  12,   12
pdb1rb8.pdb,     0,   9,    9
pdb1rhi.pdb,     0,   4,    4
pdb1rmu.pdb,     0,  12,   12
pdb1ruc.pdb,     0,  12,   12
pdb1rud.pdb,     0,  12,   12
pdb1rue.pdb,     0,  12,   12
pdb1ruf.pdb,     0,  12,   12
pdb1rug.pdb,     0,  12,   12
pdb1ruh.pdb,     0,  12,   12
pdb1rui.pdb,     0,  12,   12
pdb1ruj.pdb,     0,  12,   12
pdb1rvf.pdb,     0,   3,    3
pdb1s58.pdb,     0,  12,   12
pdb1sid.pdb,     5,  24,  120
pdb1smv.pdb,     0,   3,    3
pdb1stm.pdb,     5,  24,  120
pdb1sva.pdb,     5,  24,  120
pdb1tme.pdb,     0,   4,    4
pdb1tmf.pdb,     0,   8,    8
pdb1tnv.pdb,     5,  24,  120
pdb1u1y.pdb,    10,  18,  180
pdb1uf2.pdb,    15,   8,  120
pdb1v9u.pdb,    30,   4,  120
pdb1vak.pdb,    60,   2,  120
pdb1vb2.pdb,    60,   1,   60
pdb1vb4.pdb,    60,   2,  120
pdb1vba.pdb,    15,   8,  120
pdb1vbb.pdb,    15,   8,  120
pdb1vbc.pdb,    15,   8,  120
pdb1vbd.pdb,     0,   4,    4
pdb1vbe.pdb,    15,   8,  120
pdb1vcr.pdb,     5,  48,  240
pdb1vrh.pdb,     0,  12,   12
pdb1w39.pdb,     5,  96,  480
pdb1w8x.pdb,    60,   4,  240
pdb1wcd.pdb,    20,   6,  120
pdb1wce.pdb,    60,   2,  120
pdb1x33.pdb,    20,   3,   60
pdb1x35.pdb,    30,   4,  120
pdb1x36.pdb,    60,   4,  240
pdb1x9p.pdb,    60,   4,  240
pdb1x9t.pdb,    60,   4,  240
pdb1z14.pdb,    30,   4,  120
pdb1z1c.pdb,     0,   4,    4
pdb1z7s.pdb,     5,  24,  120
pdb1za7.pdb,    60,   4,  240
pdb1zbe.pdb,    20,   9,  180
pdb1zdh.pdb,     0,  18,   18
pdb1zdi.pdb,     0,  18,   18
pdb1zdj.pdb,     0,  18,   18
pdb1zdk.pdb,     0,  18,   18
pdb1zse.pdb,    10,  18,  180
pdb2b2d.pdb,    10,  18,  180
pdb2b2e.pdb,    10,  18,  180
pdb2b2g.pdb,    10,  18,  180
pdb2bbv.pdb,     5,  24,  120
pdb2bfu.pdb,     5,  24,  120
pdb2bny.pdb,    10,  18,  180
pdb2bpa.pdb,     0,   2,    2
pdb2bq5.pdb,    30,   4,  120
pdb2bs0.pdb,    60,   1,   60
pdb2bs1.pdb,    60,   1,   60
pdb2btv.pdb,    30,   4,  120
pdb2bu1.pdb,    10,  18,  180
pdb2buk.pdb,    60,   4,  240
pdb2c4q.pdb,    10,  18,  180
pdb2c4y.pdb,    10,  18,  180
pdb2c4z.pdb,    10,  18,  180
pdb2c50.pdb,    10,  18,  180
pdb2c51.pdb,    10,  18,  180
pdb2cas.pdb,     0,   8,    8
pdb2frp.pdb,     0,   8,    8
pdb2fs3.pdb,     0,   8,    8
pdb2fsy.pdb,     0,   8,    8
pdb2ft1.pdb,     0,   8,    8
pdb2fz1.pdb,    15,  12,  180
pdb2fz2.pdb,    15,  12,  180
pdb2g33.pdb,    60,   4,  240
pdb2g34.pdb,    60,   4,  240
pdb2g8g.pdb,    15,   8,  120
pdb2gh8.pdb,     5,  24,  120
pdb2gp1.pdb,     0,  12,   12
pdb2hwb.pdb,     0,  12,   12
pdb2hwc.pdb,     0,  12,   12
pdb2hwd.pdb,     0,  12,   12
pdb2hwe.pdb,     0,  12,   12
pdb2hwf.pdb,     0,  12,   12
pdb2iz8.pdb,    10,  18,  180
pdb2iz9.pdb,    10,  18,  180
pdb2izm.pdb,     0,  18,   18
pdb2izn.pdb,    10,  18,  180
pdb2mev.pdb,     0,   4,    4
pdb2ms2.pdb,     0,  18,   18
pdb2plv.pdb,     0,   4,    4
pdb2r04.pdb,     0,  12,   12
pdb2r06.pdb,     0,  12,   12
pdb2r07.pdb,     0,  12,   12
pdb2rm2.pdb,     0,  12,   12
pdb2rmu.pdb,     0,  12,   12
pdb2rr1.pdb,     0,  12,   12
pdb2rs1.pdb,     0,  12,   12
pdb2rs3.pdb,     0,  12,   12
pdb2rs5.pdb,     0,  12,   12
pdb2tbv.pdb,     5,  24,  120
pdb4dpv.pdb,     0,   2,    2
pdb4rhv.pdb,     0,  12,   12
pdb4sbv.pdb,     0,  18,   18
pdb5msf.pdb,    10,  18,  180
pdb6msf.pdb,    10,  18,  180
pdb7msf.pdb,    10,  18,  180
